frame_id,person_id,nose_x,nose_y,left_eye_x,left_eye_y,right_eye_x,right_eye_y,left_ear_x,left_ear_y,right_ear_x,right_ear_y,left_shoulder_x,left_shoulder_y,right_shoulder_x,right_shoulder_y,left_elbow_x,left_elbow_y,right_elbow_x,right_elbow_y,left_wrist_x,left_wrist_y,right_wrist_x,right_wrist_y,left_hip_x,left_hip_y,right_hip_x,right_hip_y,left_knee_x,left_knee_y,right_knee_x,right_knee_y,left_ankle_x,left_ankle_y,right_ankle_x,right_ankle_y
0,0,"tensor([1165.6871,  592.9240])","tensor([0., 0.])",,,,,,,,,,,,,,,,,,,,,,,,,,,,,,,,
1,0,"tensor([1166.8517,  590.3003])","tensor([0., 0.])",,,,,,,,,,,,,,,,,,,,,,,,,,,,,,,,
2,0,"tensor([1167.2615,  585.2560])","tensor([0., 0.])",,,,,,,,,,,,,,,,,,,,,,,,,,,,,,,,
3,0,"tensor([1168.3901,  580.6059])","tensor([0., 0.])",,,,,,,,,,,,,,,,,,,,,,,,,,,,,,,,
4,0,"tensor([1168.4353,  581.1019])","tensor([0., 0.])",,,,,,,,,,,,,,,,,,,,,,,,,,,,,,,,
5,0,"tensor([1174.3961,  570.4197])","tensor([1180.9888,  561.3851])",,,,,,,,,,,,,,,,,,,,,,,,,,,,,,,,
6,0,"tensor([1176.7482,  564.3745])","tensor([1183.9882,  554.4930])",,,,,,,,,,,,,,,,,,,,,,,,,,,,,,,,
7,0,"tensor([1174.8569,  566.8246])","tensor([1186.9695,  555.8895])",,,,,,,,,,,,,,,,,,,,,,,,,,,,,,,,
8,0,"tensor([1175.5631,  563.8013])","tensor([1186.0684,  553.2769])",,,,,,,,,,,,,,,,,,,,,,,,,,,,,,,,
9,0,"tensor([1174.8082,  557.1492])","tensor([0., 0.])",,,,,,,,,,,,,,,,,,,,,,,,,,,,,,,,
9,1,"tensor([0., 0.])","tensor([0., 0.])",,,,,,,,,,,,,,,,,,,,,,,,,,,,,,,,
10,0,"tensor([1173.1696,  556.3177])","tensor([0., 0.])",,,,,,,,,,,,,,,,,,,,,,,,,,,,,,,,
10,1,"tensor([0., 0.])","tensor([0., 0.])",,,,,,,,,,,,,,,,,,,,,,,,,,,,,,,,
11,0,"tensor([1176.2151,  553.5419])","tensor([0., 0.])",,,,,,,,,,,,,,,,,,,,,,,,,,,,,,,,
11,1,"tensor([0., 0.])","tensor([0., 0.])",,,,,,,,,,,,,,,,,,,,,,,,,,,,,,,,
12,0,"tensor([1176.1534,  544.6677])","tensor([0., 0.])",,,,,,,,,,,,,,,,,,,,,,,,,,,,,,,,
12,1,"tensor([0., 0.])","tensor([0., 0.])",,,,,,,,,,,,,,,,,,,,,,,,,,,,,,,,
13,0,"tensor([1176.4530,  543.9820])","tensor([0., 0.])",,,,,,,,,,,,,,,,,,,,,,,,,,,,,,,,
13,1,"tensor([0., 0.])","tensor([0., 0.])",,,,,,,,,,,,,,,,,,,,,,,,,,,,,,,,
14,0,"tensor([1179.1881,  534.3658])","tensor([0., 0.])",,,,,,,,,,,,,,,,,,,,,,,,,,,,,,,,
14,1,"tensor([0., 0.])","tensor([0., 0.])",,,,,,,,,,,,,,,,,,,,,,,,,,,,,,,,
15,0,"tensor([1182.2728,  524.0983])","tensor([0., 0.])",,,,,,,,,,,,,,,,,,,,,,,,,,,,,,,,
15,1,"tensor([0., 0.])","tensor([0., 0.])",,,,,,,,,,,,,,,,,,,,,,,,,,,,,,,,
16,0,"tensor([1179.9801,  526.0740])","tensor([1193.4329,  514.1859])",,,,,,,,,,,,,,,,,,,,,,,,,,,,,,,,
16,1,"tensor([0., 0.])","tensor([0., 0.])",,,,,,,,,,,,,,,,,,,,,,,,,,,,,,,,
17,0,"tensor([1178.1819,  522.9657])","tensor([1193.1528,  511.2656])",,,,,,,,,,,,,,,,,,,,,,,,,,,,,,,,
17,1,"tensor([0., 0.])","tensor([0., 0.])",,,,,,,,,,,,,,,,,,,,,,,,,,,,,,,,
18,0,"tensor([1180.3297,  523.5151])","tensor([1194.5764,  510.8647])",,,,,,,,,,,,,,,,,,,,,,,,,,,,,,,,
18,1,"tensor([0., 0.])","tensor([0., 0.])",,,,,,,,,,,,,,,,,,,,,,,,,,,,,,,,
19,0,"tensor([1178.6340,  523.2729])","tensor([1193.1782,  510.7410])",,,,,,,,,,,,,,,,,,,,,,,,,,,,,,,,
19,1,"tensor([0., 0.])","tensor([0., 0.])",,,,,,,,,,,,,,,,,,,,,,,,,,,,,,,,
20,0,"tensor([1179.1892,  523.1208])","tensor([1192.5807,  510.1468])",,,,,,,,,,,,,,,,,,,,,,,,,,,,,,,,
20,1,"tensor([0., 0.])","tensor([0., 0.])",,,,,,,,,,,,,,,,,,,,,,,,,,,,,,,,
21,0,"tensor([1176.2911,  524.7045])","tensor([0., 0.])",,,,,,,,,,,,,,,,,,,,,,,,,,,,,,,,
21,1,"tensor([0., 0.])","tensor([0., 0.])",,,,,,,,,,,,,,,,,,,,,,,,,,,,,,,,
22,0,"tensor([1176.6045,  520.3409])","tensor([1191.0994,  507.7049])",,,,,,,,,,,,,,,,,,,,,,,,,,,,,,,,
22,1,"tensor([0., 0.])","tensor([0., 0.])",,,,,,,,,,,,,,,,,,,,,,,,,,,,,,,,
23,0,"tensor([1173.4885,  522.0618])","tensor([1187.4446,  508.1522])",,,,,,,,,,,,,,,,,,,,,,,,,,,,,,,,
23,1,"tensor([0., 0.])","tensor([0., 0.])",,,,,,,,,,,,,,,,,,,,,,,,,,,,,,,,
24,0,"tensor([1178.9288,  515.3422])","tensor([0., 0.])",,,,,,,,,,,,,,,,,,,,,,,,,,,,,,,,
24,1,"tensor([0., 0.])","tensor([0., 0.])",,,,,,,,,,,,,,,,,,,,,,,,,,,,,,,,
25,0,"tensor([1177.4631,  511.1917])","tensor([0., 0.])",,,,,,,,,,,,,,,,,,,,,,,,,,,,,,,,
25,1,"tensor([0., 0.])","tensor([0., 0.])",,,,,,,,,,,,,,,,,,,,,,,,,,,,,,,,
26,0,"tensor([1177.2462,  508.5413])","tensor([0., 0.])",,,,,,,,,,,,,,,,,,,,,,,,,,,,,,,,
26,1,"tensor([0., 0.])","tensor([0., 0.])",,,,,,,,,,,,,,,,,,,,,,,,,,,,,,,,
27,0,"tensor([1171.5555,  504.5979])","tensor([1189.4666,  490.7248])",,,,,,,,,,,,,,,,,,,,,,,,,,,,,,,,
27,1,"tensor([0., 0.])","tensor([0., 0.])",,,,,,,,,,,,,,,,,,,,,,,,,,,,,,,,
28,0,"tensor([1169.7817,  500.1157])","tensor([0., 0.])",,,,,,,,,,,,,,,,,,,,,,,,,,,,,,,,
28,1,"tensor([0., 0.])","tensor([0., 0.])",,,,,,,,,,,,,,,,,,,,,,,,,,,,,,,,
29,0,"tensor([1166.4202,  493.4044])","tensor([1183.9764,  478.4066])",,,,,,,,,,,,,,,,,,,,,,,,,,,,,,,,
29,1,"tensor([0., 0.])","tensor([0., 0.])",,,,,,,,,,,,,,,,,,,,,,,,,,,,,,,,
30,0,"tensor([1172.9036,  485.5128])","tensor([0., 0.])",,,,,,,,,,,,,,,,,,,,,,,,,,,,,,,,
30,1,"tensor([0., 0.])","tensor([0., 0.])",,,,,,,,,,,,,,,,,,,,,,,,,,,,,,,,
31,0,"tensor([1169.1189,  473.0043])","tensor([0., 0.])",,,,,,,,,,,,,,,,,,,,,,,,,,,,,,,,
31,1,"tensor([0., 0.])","tensor([0., 0.])",,,,,,,,,,,,,,,,,,,,,,,,,,,,,,,,
32,0,"tensor([1170.0071,  469.1569])","tensor([0., 0.])",,,,,,,,,,,,,,,,,,,,,,,,,,,,,,,,
32,1,"tensor([0., 0.])","tensor([0., 0.])",,,,,,,,,,,,,,,,,,,,,,,,,,,,,,,,
33,0,"tensor([1168.8213,  462.8643])","tensor([0., 0.])",,,,,,,,,,,,,,,,,,,,,,,,,,,,,,,,
33,1,"tensor([0., 0.])","tensor([0., 0.])",,,,,,,,,,,,,,,,,,,,,,,,,,,,,,,,
33,2,"tensor([0., 0.])","tensor([0., 0.])",,,,,,,,,,,,,,,,,,,,,,,,,,,,,,,,
34,0,"tensor([1165.4579,  450.0594])","tensor([0., 0.])",,,,,,,,,,,,,,,,,,,,,,,,,,,,,,,,
34,1,"tensor([0., 0.])","tensor([0., 0.])",,,,,,,,,,,,,,,,,,,,,,,,,,,,,,,,
34,2,"tensor([1162.6106,  441.6714])","tensor([0., 0.])",,,,,,,,,,,,,,,,,,,,,,,,,,,,,,,,
35,0,"tensor([1165.9681,  446.6039])","tensor([0., 0.])",,,,,,,,,,,,,,,,,,,,,,,,,,,,,,,,
35,1,"tensor([0., 0.])","tensor([0., 0.])",,,,,,,,,,,,,,,,,,,,,,,,,,,,,,,,
35,2,"tensor([1163.5865,  437.8918])","tensor([0., 0.])",,,,,,,,,,,,,,,,,,,,,,,,,,,,,,,,
36,0,"tensor([1162.3268,  440.1614])","tensor([0., 0.])",,,,,,,,,,,,,,,,,,,,,,,,,,,,,,,,
36,1,"tensor([1161.2542,  431.2946])","tensor([0., 0.])",,,,,,,,,,,,,,,,,,,,,,,,,,,,,,,,
37,0,"tensor([1155.7192,  436.5208])","tensor([0., 0.])",,,,,,,,,,,,,,,,,,,,,,,,,,,,,,,,
37,1,"tensor([1153.3137,  429.6876])","tensor([0., 0.])",,,,,,,,,,,,,,,,,,,,,,,,,,,,,,,,
38,0,"tensor([1151.2938,  428.0289])","tensor([0., 0.])",,,,,,,,,,,,,,,,,,,,,,,,,,,,,,,,
38,1,"tensor([0., 0.])","tensor([0., 0.])",,,,,,,,,,,,,,,,,,,,,,,,,,,,,,,,
39,0,"tensor([1151.9008,  425.1427])","tensor([0., 0.])",,,,,,,,,,,,,,,,,,,,,,,,,,,,,,,,
39,1,"tensor([1144.9369,  419.0951])","tensor([0., 0.])",,,,,,,,,,,,,,,,,,,,,,,,,,,,,,,,
40,0,"tensor([1149.1754,  422.1216])","tensor([1159.4249,  405.2147])",,,,,,,,,,,,,,,,,,,,,,,,,,,,,,,,
40,1,"tensor([1143.4275,  413.2587])","tensor([1146.1068,  402.9022])",,,,,,,,,,,,,,,,,,,,,,,,,,,,,,,,
41,0,"tensor([1148.4513,  419.2944])","tensor([0., 0.])",,,,,,,,,,,,,,,,,,,,,,,,,,,,,,,,
41,1,"tensor([0., 0.])","tensor([0., 0.])",,,,,,,,,,,,,,,,,,,,,,,,,,,,,,,,
42,0,"tensor([1144.9089,  417.7744])","tensor([1154.3474,  401.5253])",,,,,,,,,,,,,,,,,,,,,,,,,,,,,,,,
42,1,"tensor([0., 0.])","tensor([0., 0.])",,,,,,,,,,,,,,,,,,,,,,,,,,,,,,,,
43,0,"tensor([1145.2339,  415.9930])","tensor([0., 0.])",,,,,,,,,,,,,,,,,,,,,,,,,,,,,,,,
43,1,"tensor([0., 0.])","tensor([0., 0.])",,,,,,,,,,,,,,,,,,,,,,,,,,,,,,,,
44,0,"tensor([1144.6090,  413.9841])","tensor([0., 0.])",,,,,,,,,,,,,,,,,,,,,,,,,,,,,,,,
44,1,"tensor([0., 0.])","tensor([0., 0.])",,,,,,,,,,,,,,,,,,,,,,,,,,,,,,,,
45,0,"tensor([1148.0273,  410.9238])","tensor([0., 0.])",,,,,,,,,,,,,,,,,,,,,,,,,,,,,,,,
45,1,"tensor([0., 0.])","tensor([0., 0.])",,,,,,,,,,,,,,,,,,,,,,,,,,,,,,,,
46,0,"tensor([1138.8352,  405.6783])","tensor([1152.2694,  387.9834])",,,,,,,,,,,,,,,,,,,,,,,,,,,,,,,,
46,1,"tensor([0., 0.])","tensor([0., 0.])",,,,,,,,,,,,,,,,,,,,,,,,,,,,,,,,
47,0,"tensor([1140.0161,  400.3661])","tensor([1152.9263,  383.1481])",,,,,,,,,,,,,,,,,,,,,,,,,,,,,,,,
47,1,"tensor([0., 0.])","tensor([0., 0.])",,,,,,,,,,,,,,,,,,,,,,,,,,,,,,,,
48,0,"tensor([1138.1389,  393.6058])","tensor([1150.0477,  375.5632])",,,,,,,,,,,,,,,,,,,,,,,,,,,,,,,,
48,1,"tensor([0., 0.])","tensor([0., 0.])",,,,,,,,,,,,,,,,,,,,,,,,,,,,,,,,
49,0,"tensor([1142.0286,  383.4721])","tensor([0., 0.])",,,,,,,,,,,,,,,,,,,,,,,,,,,,,,,,
49,1,"tensor([0., 0.])","tensor([0., 0.])",,,,,,,,,,,,,,,,,,,,,,,,,,,,,,,,
50,0,"tensor([1138.0646,  363.7133])","tensor([1149.4233,  348.0421])",,,,,,,,,,,,,,,,,,,,,,,,,,,,,,,,
50,1,"tensor([0., 0.])","tensor([0., 0.])",,,,,,,,,,,,,,,,,,,,,,,,,,,,,,,,
51,0,"tensor([1133.1796,  342.9901])","tensor([1146.0975,  324.5020])",,,,,,,,,,,,,,,,,,,,,,,,,,,,,,,,
51,1,"tensor([0., 0.])","tensor([0., 0.])",,,,,,,,,,,,,,,,,,,,,,,,,,,,,,,,
52,0,"tensor([1135.5959,  316.1888])","tensor([1148.1952,  297.2888])",,,,,,,,,,,,,,,,,,,,,,,,,,,,,,,,
52,1,"tensor([0., 0.])","tensor([0., 0.])",,,,,,,,,,,,,,,,,,,,,,,,,,,,,,,,
53,0,"tensor([1134.8071,  289.6161])","tensor([1145.9008,  271.8486])",,,,,,,,,,,,,,,,,,,,,,,,,,,,,,,,
53,1,"tensor([0., 0.])","tensor([0., 0.])",,,,,,,,,,,,,,,,,,,,,,,,,,,,,,,,
54,0,"tensor([1132.0854,  262.6809])","tensor([1146.0886,  245.4375])",,,,,,,,,,,,,,,,,,,,,,,,,,,,,,,,
54,1,"tensor([0., 0.])","tensor([0., 0.])",,,,,,,,,,,,,,,,,,,,,,,,,,,,,,,,
55,0,"tensor([1127.7893,  235.6579])","tensor([1138.8955,  218.6006])",,,,,,,,,,,,,,,,,,,,,,,,,,,,,,,,
55,1,"tensor([0., 0.])","tensor([0., 0.])",,,,,,,,,,,,,,,,,,,,,,,,,,,,,,,,
56,0,"tensor([1122.7343,  200.5133])","tensor([1135.1799,  182.8211])",,,,,,,,,,,,,,,,,,,,,,,,,,,,,,,,
56,1,"tensor([0., 0.])","tensor([0., 0.])",,,,,,,,,,,,,,,,,,,,,,,,,,,,,,,,
57,0,"tensor([1112.3635,  175.9942])","tensor([1122.4343,  159.1752])",,,,,,,,,,,,,,,,,,,,,,,,,,,,,,,,
57,1,"tensor([0., 0.])","tensor([0., 0.])",,,,,,,,,,,,,,,,,,,,,,,,,,,,,,,,
58,0,"tensor([1093.1837,  151.5713])","tensor([1103.6737,  134.7511])",,,,,,,,,,,,,,,,,,,,,,,,,,,,,,,,
58,1,"tensor([0., 0.])","tensor([0., 0.])",,,,,,,,,,,,,,,,,,,,,,,,,,,,,,,,
59,0,"tensor([1078.9241,  133.1461])","tensor([1089.5918,  117.7012])",,,,,,,,,,,,,,,,,,,,,,,,,,,,,,,,
59,1,"tensor([0., 0.])","tensor([0., 0.])",,,,,,,,,,,,,,,,,,,,,,,,,,,,,,,,
60,0,"tensor([1064.9689,  119.2745])","tensor([1075.9238,  102.0682])",,,,,,,,,,,,,,,,,,,,,,,,,,,,,,,,
61,0,"tensor([1048.3766,  107.2908])","tensor([1057.6483,   90.6723])",,,,,,,,,,,,,,,,,,,,,,,,,,,,,,,,
61,1,"tensor([0., 0.])","tensor([0., 0.])",,,,,,,,,,,,,,,,,,,,,,,,,,,,,,,,
62,0,"tensor([1039.7642,  106.5848])","tensor([1048.7618,   89.7469])",,,,,,,,,,,,,,,,,,,,,,,,,,,,,,,,
62,1,"tensor([0., 0.])","tensor([0., 0.])",,,,,,,,,,,,,,,,,,,,,,,,,,,,,,,,
63,0,"tensor([1028.7560,  106.1792])","tensor([1037.1334,   89.8984])",,,,,,,,,,,,,,,,,,,,,,,,,,,,,,,,
63,1,"tensor([0., 0.])","tensor([0., 0.])",,,,,,,,,,,,,,,,,,,,,,,,,,,,,,,,
64,0,"tensor([1019.4955,  109.4506])","tensor([1027.4410,   92.8482])",,,,,,,,,,,,,,,,,,,,,,,,,,,,,,,,
64,1,"tensor([0., 0.])","tensor([0., 0.])",,,,,,,,,,,,,,,,,,,,,,,,,,,,,,,,
65,0,"tensor([1016.4959,  122.3695])","tensor([1024.5165,  105.5092])",,,,,,,,,,,,,,,,,,,,,,,,,,,,,,,,
65,1,"tensor([0., 0.])","tensor([0., 0.])",,,,,,,,,,,,,,,,,,,,,,,,,,,,,,,,
66,0,"tensor([1013.0852,  126.2512])","tensor([1019.6318,  108.6755])",,,,,,,,,,,,,,,,,,,,,,,,,,,,,,,,
66,1,"tensor([0., 0.])","tensor([0., 0.])",,,,,,,,,,,,,,,,,,,,,,,,,,,,,,,,
67,0,"tensor([1010.2767,  128.5968])","tensor([1017.8401,  111.0688])",,,,,,,,,,,,,,,,,,,,,,,,,,,,,,,,
67,1,"tensor([0., 0.])","tensor([0., 0.])",,,,,,,,,,,,,,,,,,,,,,,,,,,,,,,,
68,0,"tensor([1010.3445,  132.0495])","tensor([1018.3251,  115.0520])",,,,,,,,,,,,,,,,,,,,,,,,,,,,,,,,
68,1,"tensor([0., 0.])","tensor([0., 0.])",,,,,,,,,,,,,,,,,,,,,,,,,,,,,,,,
69,0,"tensor([1009.2913,  131.3689])","tensor([1017.7734,  114.4922])",,,,,,,,,,,,,,,,,,,,,,,,,,,,,,,,
69,1,"tensor([0., 0.])","tensor([0., 0.])",,,,,,,,,,,,,,,,,,,,,,,,,,,,,,,,
70,0,"tensor([1012.3618,  132.2626])","tensor([1020.3492,  115.7242])",,,,,,,,,,,,,,,,,,,,,,,,,,,,,,,,
70,1,"tensor([0., 0.])","tensor([0., 0.])",,,,,,,,,,,,,,,,,,,,,,,,,,,,,,,,
71,0,"tensor([1014.5043,  131.7445])","tensor([1022.7252,  115.2014])",,,,,,,,,,,,,,,,,,,,,,,,,,,,,,,,
71,1,"tensor([0., 0.])","tensor([0., 0.])",,,,,,,,,,,,,,,,,,,,,,,,,,,,,,,,
72,0,"tensor([1018.6324,  133.4450])","tensor([1026.6726,  117.4765])",,,,,,,,,,,,,,,,,,,,,,,,,,,,,,,,
72,1,"tensor([0., 0.])","tensor([0., 0.])",,,,,,,,,,,,,,,,,,,,,,,,,,,,,,,,
73,0,"tensor([1022.9480,  133.3959])","tensor([1030.1818,  116.9091])",,,,,,,,,,,,,,,,,,,,,,,,,,,,,,,,
73,1,"tensor([0., 0.])","tensor([0., 0.])",,,,,,,,,,,,,,,,,,,,,,,,,,,,,,,,
74,0,"tensor([1028.7196,  134.5956])","tensor([1036.3789,  117.9154])",,,,,,,,,,,,,,,,,,,,,,,,,,,,,,,,
74,1,"tensor([0., 0.])","tensor([0., 0.])",,,,,,,,,,,,,,,,,,,,,,,,,,,,,,,,
75,0,"tensor([1033.2356,  135.6187])","tensor([1042.2261,  119.1561])",,,,,,,,,,,,,,,,,,,,,,,,,,,,,,,,
75,1,"tensor([0., 0.])","tensor([0., 0.])",,,,,,,,,,,,,,,,,,,,,,,,,,,,,,,,
76,0,"tensor([1039.2655,  137.6309])","tensor([1049.8435,  121.1257])",,,,,,,,,,,,,,,,,,,,,,,,,,,,,,,,
76,1,"tensor([0., 0.])","tensor([0., 0.])",,,,,,,,,,,,,,,,,,,,,,,,,,,,,,,,
77,0,"tensor([1047.5145,  139.5432])","tensor([1056.3679,  123.7178])",,,,,,,,,,,,,,,,,,,,,,,,,,,,,,,,
77,1,"tensor([0., 0.])","tensor([0., 0.])",,,,,,,,,,,,,,,,,,,,,,,,,,,,,,,,
78,0,"tensor([1053.4396,  146.2265])","tensor([1062.5914,  129.4079])",,,,,,,,,,,,,,,,,,,,,,,,,,,,,,,,
79,0,"tensor([1062.6448,  153.6036])","tensor([1071.0513,  137.2210])",,,,,,,,,,,,,,,,,,,,,,,,,,,,,,,,
80,0,"tensor([1069.8434,  162.6095])","tensor([1078.8159,  146.0196])",,,,,,,,,,,,,,,,,,,,,,,,,,,,,,,,
80,1,"tensor([0., 0.])","tensor([0., 0.])",,,,,,,,,,,,,,,,,,,,,,,,,,,,,,,,
81,0,"tensor([1074.2172,  169.1212])","tensor([1083.9769,  152.1137])",,,,,,,,,,,,,,,,,,,,,,,,,,,,,,,,
81,1,"tensor([0., 0.])","tensor([0., 0.])",,,,,,,,,,,,,,,,,,,,,,,,,,,,,,,,
82,0,"tensor([1079.8345,  173.4906])","tensor([1089.7881,  156.2719])",,,,,,,,,,,,,,,,,,,,,,,,,,,,,,,,
82,1,"tensor([0., 0.])","tensor([0., 0.])",,,,,,,,,,,,,,,,,,,,,,,,,,,,,,,,
83,0,"tensor([1087.6761,  182.4387])","tensor([1098.0802,  165.4718])",,,,,,,,,,,,,,,,,,,,,,,,,,,,,,,,
83,1,"tensor([0., 0.])","tensor([0., 0.])",,,,,,,,,,,,,,,,,,,,,,,,,,,,,,,,
84,0,"tensor([1099.9277,  199.9742])","tensor([1109.3348,  183.3582])",,,,,,,,,,,,,,,,,,,,,,,,,,,,,,,,
84,1,"tensor([0., 0.])","tensor([0., 0.])",,,,,,,,,,,,,,,,,,,,,,,,,,,,,,,,
85,0,"tensor([1103.9489,  210.1092])","tensor([1113.7599,  193.8573])",,,,,,,,,,,,,,,,,,,,,,,,,,,,,,,,
85,1,"tensor([0., 0.])","tensor([0., 0.])",,,,,,,,,,,,,,,,,,,,,,,,,,,,,,,,
86,0,"tensor([1109.2024,  222.0635])","tensor([1120.5225,  205.8405])",,,,,,,,,,,,,,,,,,,,,,,,,,,,,,,,
86,1,"tensor([0., 0.])","tensor([0., 0.])",,,,,,,,,,,,,,,,,,,,,,,,,,,,,,,,
87,0,"tensor([1112.3040,  233.6155])","tensor([1123.7609,  218.3081])",,,,,,,,,,,,,,,,,,,,,,,,,,,,,,,,
87,1,"tensor([0., 0.])","tensor([0., 0.])",,,,,,,,,,,,,,,,,,,,,,,,,,,,,,,,
88,0,"tensor([1120.9156,  244.4740])","tensor([1131.4783,  228.7425])",,,,,,,,,,,,,,,,,,,,,,,,,,,,,,,,
88,1,"tensor([0., 0.])","tensor([0., 0.])",,,,,,,,,,,,,,,,,,,,,,,,,,,,,,,,
89,0,"tensor([1125.4083,  256.8800])","tensor([1136.4485,  240.6347])",,,,,,,,,,,,,,,,,,,,,,,,,,,,,,,,
89,1,"tensor([0., 0.])","tensor([0., 0.])",,,,,,,,,,,,,,,,,,,,,,,,,,,,,,,,
90,0,"tensor([1128.5248,  270.9741])","tensor([1138.8473,  253.9807])",,,,,,,,,,,,,,,,,,,,,,,,,,,,,,,,
90,1,"tensor([0., 0.])","tensor([0., 0.])",,,,,,,,,,,,,,,,,,,,,,,,,,,,,,,,
91,0,"tensor([1130.1481,  279.2047])","tensor([1139.6132,  260.8589])",,,,,,,,,,,,,,,,,,,,,,,,,,,,,,,,
91,1,"tensor([0., 0.])","tensor([0., 0.])",,,,,,,,,,,,,,,,,,,,,,,,,,,,,,,,
92,0,"tensor([1132.7400,  292.2365])","tensor([1142.2205,  273.5534])",,,,,,,,,,,,,,,,,,,,,,,,,,,,,,,,
92,1,"tensor([0., 0.])","tensor([0., 0.])",,,,,,,,,,,,,,,,,,,,,,,,,,,,,,,,
93,0,"tensor([1136.0054,  302.2080])","tensor([1146.5707,  284.6379])",,,,,,,,,,,,,,,,,,,,,,,,,,,,,,,,
93,1,"tensor([0., 0.])","tensor([0., 0.])",,,,,,,,,,,,,,,,,,,,,,,,,,,,,,,,
94,0,"tensor([1139.2432,  319.6685])","tensor([1149.9435,  301.1167])",,,,,,,,,,,,,,,,,,,,,,,,,,,,,,,,
94,1,"tensor([0., 0.])","tensor([0., 0.])",,,,,,,,,,,,,,,,,,,,,,,,,,,,,,,,
95,0,"tensor([1140.1466,  330.8390])","tensor([1150.0256,  312.7537])",,,,,,,,,,,,,,,,,,,,,,,,,,,,,,,,
95,1,"tensor([0., 0.])","tensor([0., 0.])",,,,,,,,,,,,,,,,,,,,,,,,,,,,,,,,
96,0,"tensor([1140.8087,  343.5212])","tensor([1151.1438,  325.8310])",,,,,,,,,,,,,,,,,,,,,,,,,,,,,,,,
96,1,"tensor([0., 0.])","tensor([0., 0.])",,,,,,,,,,,,,,,,,,,,,,,,,,,,,,,,
97,0,"tensor([1142.3557,  352.6212])","tensor([1152.6260,  334.0616])",,,,,,,,,,,,,,,,,,,,,,,,,,,,,,,,
97,1,"tensor([0., 0.])","tensor([0., 0.])",,,,,,,,,,,,,,,,,,,,,,,,,,,,,,,,
98,0,"tensor([1141.9806,  365.8407])","tensor([1152.5634,  347.4294])",,,,,,,,,,,,,,,,,,,,,,,,,,,,,,,,
98,1,"tensor([0., 0.])","tensor([0., 0.])",,,,,,,,,,,,,,,,,,,,,,,,,,,,,,,,
99,0,"tensor([1139.2369,  374.1400])","tensor([1150.3463,  355.4596])",,,,,,,,,,,,,,,,,,,,,,,,,,,,,,,,
99,1,"tensor([0., 0.])","tensor([0., 0.])",,,,,,,,,,,,,,,,,,,,,,,,,,,,,,,,
100,0,"tensor([1141.2844,  384.3109])","tensor([1152.2831,  366.2653])",,,,,,,,,,,,,,,,,,,,,,,,,,,,,,,,
100,1,"tensor([0., 0.])","tensor([0., 0.])",,,,,,,,,,,,,,,,,,,,,,,,,,,,,,,,
101,0,"tensor([1140.9965,  393.2832])","tensor([1153.3788,  375.1619])",,,,,,,,,,,,,,,,,,,,,,,,,,,,,,,,
101,1,"tensor([0., 0.])","tensor([0., 0.])",,,,,,,,,,,,,,,,,,,,,,,,,,,,,,,,
102,0,"tensor([1141.1930,  402.6143])","tensor([1155.1006,  384.6318])",,,,,,,,,,,,,,,,,,,,,,,,,,,,,,,,
102,1,"tensor([0., 0.])","tensor([0., 0.])",,,,,,,,,,,,,,,,,,,,,,,,,,,,,,,,
103,0,"tensor([1142.4474,  412.5753])","tensor([1156.3004,  394.8502])",,,,,,,,,,,,,,,,,,,,,,,,,,,,,,,,
103,1,"tensor([0., 0.])","tensor([0., 0.])",,,,,,,,,,,,,,,,,,,,,,,,,,,,,,,,
104,0,"tensor([1147.3008,  419.2945])","tensor([1158.7716,  400.8321])",,,,,,,,,,,,,,,,,,,,,,,,,,,,,,,,
104,1,"tensor([0., 0.])","tensor([0., 0.])",,,,,,,,,,,,,,,,,,,,,,,,,,,,,,,,
105,0,"tensor([1147.3784,  425.6587])","tensor([1159.0554,  407.2942])",,,,,,,,,,,,,,,,,,,,,,,,,,,,,,,,
105,1,"tensor([0., 0.])","tensor([0., 0.])",,,,,,,,,,,,,,,,,,,,,,,,,,,,,,,,
106,0,"tensor([1150.9349,  434.8687])","tensor([1162.9801,  419.6021])",,,,,,,,,,,,,,,,,,,,,,,,,,,,,,,,
106,1,"tensor([0., 0.])","tensor([0., 0.])",,,,,,,,,,,,,,,,,,,,,,,,,,,,,,,,
107,0,"tensor([1153.4283,  439.6031])","tensor([1165.0437,  424.7040])",,,,,,,,,,,,,,,,,,,,,,,,,,,,,,,,
107,1,"tensor([1152.8191,  433.0673])","tensor([0., 0.])",,,,,,,,,,,,,,,,,,,,,,,,,,,,,,,,
108,0,"tensor([1152.7628,  439.6367])","tensor([1164.9774,  424.4570])",,,,,,,,,,,,,,,,,,,,,,,,,,,,,,,,
108,1,"tensor([1155.2638,  429.6902])","tensor([0., 0.])",,,,,,,,,,,,,,,,,,,,,,,,,,,,,,,,
109,0,"tensor([1151.3829,  438.5816])","tensor([1164.2983,  423.1550])",,,,,,,,,,,,,,,,,,,,,,,,,,,,,,,,
109,1,"tensor([0., 0.])","tensor([0., 0.])",,,,,,,,,,,,,,,,,,,,,,,,,,,,,,,,
110,0,"tensor([1151.3870,  435.9928])","tensor([1163.7784,  421.0898])",,,,,,,,,,,,,,,,,,,,,,,,,,,,,,,,
110,1,"tensor([1150.3766,  429.8784])","tensor([0., 0.])",,,,,,,,,,,,,,,,,,,,,,,,,,,,,,,,
111,0,"tensor([1150.7531,  436.6229])","tensor([1165.7601,  419.9328])",,,,,,,,,,,,,,,,,,,,,,,,,,,,,,,,
111,1,"tensor([1150.3304,  431.9379])","tensor([1155.8162,  423.2915])",,,,,,,,,,,,,,,,,,,,,,,,,,,,,,,,
112,0,"tensor([1151.6282,  436.2442])","tensor([1166.4430,  419.8210])",,,,,,,,,,,,,,,,,,,,,,,,,,,,,,,,
112,1,"tensor([1150.8799,  433.2920])","tensor([1155.9052,  424.5927])",,,,,,,,,,,,,,,,,,,,,,,,,,,,,,,,
113,0,"tensor([1154.1716,  436.5352])","tensor([1168.0081,  419.4662])",,,,,,,,,,,,,,,,,,,,,,,,,,,,,,,,
113,1,"tensor([1153.1920,  432.7581])","tensor([1157.7411,  423.7872])",,,,,,,,,,,,,,,,,,,,,,,,,,,,,,,,
114,0,"tensor([1153.5059,  438.2506])","tensor([1165.0833,  423.0205])",,,,,,,,,,,,,,,,,,,,,,,,,,,,,,,,
114,1,"tensor([1149.6232,  432.0010])","tensor([1154.5104,  423.3270])",,,,,,,,,,,,,,,,,,,,,,,,,,,,,,,,
115,0,"tensor([1149.9196,  432.5532])","tensor([1163.5953,  416.0091])",,,,,,,,,,,,,,,,,,,,,,,,,,,,,,,,
115,1,"tensor([1148.7666,  431.1151])","tensor([1154.4568,  422.5788])",,,,,,,,,,,,,,,,,,,,,,,,,,,,,,,,
116,0,"tensor([1149.9312,  428.3075])","tensor([1159.6620,  412.2374])",,,,,,,,,,,,,,,,,,,,,,,,,,,,,,,,
116,1,"tensor([0., 0.])","tensor([0., 0.])",,,,,,,,,,,,,,,,,,,,,,,,,,,,,,,,
117,0,"tensor([1150.3436,  418.3703])","tensor([1161.7101,  400.7932])",,,,,,,,,,,,,,,,,,,,,,,,,,,,,,,,
117,1,"tensor([0., 0.])","tensor([0., 0.])",,,,,,,,,,,,,,,,,,,,,,,,,,,,,,,,
118,0,"tensor([1150.9188,  410.4212])","tensor([1162.9359,  392.6043])",,,,,,,,,,,,,,,,,,,,,,,,,,,,,,,,
118,1,"tensor([0., 0.])","tensor([0., 0.])",,,,,,,,,,,,,,,,,,,,,,,,,,,,,,,,
119,0,"tensor([1145.2368,  393.9857])","tensor([1158.1788,  376.5341])",,,,,,,,,,,,,,,,,,,,,,,,,,,,,,,,
119,1,"tensor([0., 0.])","tensor([0., 0.])",,,,,,,,,,,,,,,,,,,,,,,,,,,,,,,,
120,0,"tensor([1143.4878,  373.7816])","tensor([1155.9482,  356.3352])",,,,,,,,,,,,,,,,,,,,,,,,,,,,,,,,
120,1,"tensor([0., 0.])","tensor([0., 0.])",,,,,,,,,,,,,,,,,,,,,,,,,,,,,,,,
121,0,"tensor([1142.6145,  354.1525])","tensor([1154.5653,  337.3332])",,,,,,,,,,,,,,,,,,,,,,,,,,,,,,,,
121,1,"tensor([0., 0.])","tensor([0., 0.])",,,,,,,,,,,,,,,,,,,,,,,,,,,,,,,,
122,0,"tensor([1141.6981,  329.4882])","tensor([1150.8541,  310.8904])",,,,,,,,,,,,,,,,,,,,,,,,,,,,,,,,
122,1,"tensor([0., 0.])","tensor([0., 0.])",,,,,,,,,,,,,,,,,,,,,,,,,,,,,,,,
123,0,"tensor([1138.1482,  301.3697])","tensor([1147.7366,  283.4831])",,,,,,,,,,,,,,,,,,,,,,,,,,,,,,,,
123,1,"tensor([0., 0.])","tensor([0., 0.])",,,,,,,,,,,,,,,,,,,,,,,,,,,,,,,,
124,0,"tensor([1134.6282,  268.7814])","tensor([1143.5697,  251.4509])",,,,,,,,,,,,,,,,,,,,,,,,,,,,,,,,
124,1,"tensor([0., 0.])","tensor([0., 0.])",,,,,,,,,,,,,,,,,,,,,,,,,,,,,,,,
125,0,"tensor([1125.7441,  237.6789])","tensor([1135.5157,  221.4736])",,,,,,,,,,,,,,,,,,,,,,,,,,,,,,,,
125,1,"tensor([0., 0.])","tensor([0., 0.])",,,,,,,,,,,,,,,,,,,,,,,,,,,,,,,,
126,0,"tensor([1118.3445,  208.0311])","tensor([1129.3462,  190.9521])",,,,,,,,,,,,,,,,,,,,,,,,,,,,,,,,
126,1,"tensor([0., 0.])","tensor([0., 0.])",,,,,,,,,,,,,,,,,,,,,,,,,,,,,,,,
127,0,"tensor([1106.1187,  181.9570])","tensor([1116.2472,  164.8751])",,,,,,,,,,,,,,,,,,,,,,,,,,,,,,,,
127,1,"tensor([0., 0.])","tensor([0., 0.])",,,,,,,,,,,,,,,,,,,,,,,,,,,,,,,,
128,0,"tensor([1093.9863,  158.6036])","tensor([1102.0099,  142.4356])",,,,,,,,,,,,,,,,,,,,,,,,,,,,,,,,
128,1,"tensor([0., 0.])","tensor([0., 0.])",,,,,,,,,,,,,,,,,,,,,,,,,,,,,,,,
129,0,"tensor([1076.4120,  136.4431])","tensor([1085.3818,  120.5525])",,,,,,,,,,,,,,,,,,,,,,,,,,,,,,,,
129,1,"tensor([0., 0.])","tensor([0., 0.])",,,,,,,,,,,,,,,,,,,,,,,,,,,,,,,,
130,0,"tensor([1070.0250,  121.8474])","tensor([1077.9089,  104.7288])",,,,,,,,,,,,,,,,,,,,,,,,,,,,,,,,
131,0,"tensor([1052.7698,  110.6158])","tensor([1062.2681,   94.5377])",,,,,,,,,,,,,,,,,,,,,,,,,,,,,,,,
131,1,"tensor([0., 0.])","tensor([0., 0.])",,,,,,,,,,,,,,,,,,,,,,,,,,,,,,,,
132,0,"tensor([1044.6368,  105.7809])","tensor([1052.7058,   89.5324])",,,,,,,,,,,,,,,,,,,,,,,,,,,,,,,,
132,1,"tensor([0., 0.])","tensor([0., 0.])",,,,,,,,,,,,,,,,,,,,,,,,,,,,,,,,
133,0,"tensor([1037.0370,  103.0001])","tensor([1045.0847,   87.1674])",,,,,,,,,,,,,,,,,,,,,,,,,,,,,,,,
133,1,"tensor([0., 0.])","tensor([0., 0.])",,,,,,,,,,,,,,,,,,,,,,,,,,,,,,,,
134,0,"tensor([1027.7750,  109.9712])","tensor([1036.7375,   93.7379])",,,,,,,,,,,,,,,,,,,,,,,,,,,,,,,,
134,1,"tensor([0., 0.])","tensor([0., 0.])",,,,,,,,,,,,,,,,,,,,,,,,,,,,,,,,
135,0,"tensor([1027.5747,  115.6924])","tensor([1033.0305,   99.5769])",,,,,,,,,,,,,,,,,,,,,,,,,,,,,,,,
135,1,"tensor([0., 0.])","tensor([0., 0.])",,,,,,,,,,,,,,,,,,,,,,,,,,,,,,,,
136,0,"tensor([1024.6011,  120.1536])","tensor([1029.4771,  104.0710])",,,,,,,,,,,,,,,,,,,,,,,,,,,,,,,,
136,1,"tensor([0., 0.])","tensor([0., 0.])",,,,,,,,,,,,,,,,,,,,,,,,,,,,,,,,
137,0,"tensor([1021.4797,  120.3488])","tensor([1027.0177,  104.2512])",,,,,,,,,,,,,,,,,,,,,,,,,,,,,,,,
137,1,"tensor([0., 0.])","tensor([0., 0.])",,,,,,,,,,,,,,,,,,,,,,,,,,,,,,,,
138,0,"tensor([1019.8632,  120.4041])","tensor([1025.8383,  104.2381])",,,,,,,,,,,,,,,,,,,,,,,,,,,,,,,,
138,1,"tensor([0., 0.])","tensor([0., 0.])",,,,,,,,,,,,,,,,,,,,,,,,,,,,,,,,
139,0,"tensor([1019.9697,  119.8258])","tensor([1025.9835,  103.4869])",,,,,,,,,,,,,,,,,,,,,,,,,,,,,,,,
139,1,"tensor([0., 0.])","tensor([0., 0.])",,,,,,,,,,,,,,,,,,,,,,,,,,,,,,,,
140,0,"tensor([1020.8398,  119.9614])","tensor([1027.0614,  103.7890])",,,,,,,,,,,,,,,,,,,,,,,,,,,,,,,,
140,1,"tensor([0., 0.])","tensor([0., 0.])",,,,,,,,,,,,,,,,,,,,,,,,,,,,,,,,
141,0,"tensor([1023.0540,  123.4309])","tensor([1028.8408,  107.0610])",,,,,,,,,,,,,,,,,,,,,,,,,,,,,,,,
141,1,"tensor([0., 0.])","tensor([0., 0.])",,,,,,,,,,,,,,,,,,,,,,,,,,,,,,,,
142,0,"tensor([1024.3092,  121.9238])","tensor([1029.6676,  105.6980])",,,,,,,,,,,,,,,,,,,,,,,,,,,,,,,,
142,1,"tensor([0., 0.])","tensor([0., 0.])",,,,,,,,,,,,,,,,,,,,,,,,,,,,,,,,
143,0,"tensor([1025.8088,  121.2073])","tensor([1031.2537,  104.8567])",,,,,,,,,,,,,,,,,,,,,,,,,,,,,,,,
143,1,"tensor([0., 0.])","tensor([0., 0.])",,,,,,,,,,,,,,,,,,,,,,,,,,,,,,,,
144,0,"tensor([1030.8016,  120.5937])","tensor([1036.7483,  104.8409])",,,,,,,,,,,,,,,,,,,,,,,,,,,,,,,,
144,1,"tensor([0., 0.])","tensor([0., 0.])",,,,,,,,,,,,,,,,,,,,,,,,,,,,,,,,
145,0,"tensor([1036.2860,  121.2342])","tensor([1042.6355,  105.2577])",,,,,,,,,,,,,,,,,,,,,,,,,,,,,,,,
145,1,"tensor([0., 0.])","tensor([0., 0.])",,,,,,,,,,,,,,,,,,,,,,,,,,,,,,,,
146,0,"tensor([1044.7803,  118.0182])","tensor([1054.3655,  100.3000])",,,,,,,,,,,,,,,,,,,,,,,,,,,,,,,,
147,0,"tensor([1054.4318,  121.5232])","tensor([1059.8716,  104.5689])",,,,,,,,,,,,,,,,,,,,,,,,,,,,,,,,
148,0,"tensor([1062.0703,  125.8567])","tensor([1070.1180,  110.4161])",,,,,,,,,,,,,,,,,,,,,,,,,,,,,,,,
149,0,"tensor([1071.8439,  133.9548])","tensor([1079.0076,  118.0758])",,,,,,,,,,,,,,,,,,,,,,,,,,,,,,,,
150,0,"tensor([1080.7059,  139.4155])","tensor([1087.5348,  123.8869])",,,,,,,,,,,,,,,,,,,,,,,,,,,,,,,,
151,0,"tensor([1092.7064,  146.3501])","tensor([1099.3696,  130.7917])",,,,,,,,,,,,,,,,,,,,,,,,,,,,,,,,
152,0,"tensor([1100.2229,  158.9499])","tensor([1107.1355,  142.0045])",,,,,,,,,,,,,,,,,,,,,,,,,,,,,,,,
153,0,"tensor([1108.8773,  167.5578])","tensor([1117.2705,  150.2363])",,,,,,,,,,,,,,,,,,,,,,,,,,,,,,,,
154,0,"tensor([1116.4286,  179.3054])","tensor([1125.8040,  162.0308])",,,,,,,,,,,,,,,,,,,,,,,,,,,,,,,,
155,0,"tensor([1122.1615,  186.8786])","tensor([1131.5535,  170.3605])",,,,,,,,,,,,,,,,,,,,,,,,,,,,,,,,
155,1,"tensor([0., 0.])","tensor([0., 0.])",,,,,,,,,,,,,,,,,,,,,,,,,,,,,,,,
156,0,"tensor([1128.2666,  195.4363])","tensor([1138.4045,  179.6372])",,,,,,,,,,,,,,,,,,,,,,,,,,,,,,,,
156,1,"tensor([0., 0.])","tensor([0., 0.])",,,,,,,,,,,,,,,,,,,,,,,,,,,,,,,,
156,2,"tensor([1755.0474,  630.8455])","tensor([0., 0.])",,,,,,,,,,,,,,,,,,,,,,,,,,,,,,,,
157,0,"tensor([1134.1531,  202.3084])","tensor([1145.0743,  186.9824])",,,,,,,,,,,,,,,,,,,,,,,,,,,,,,,,
157,1,"tensor([0., 0.])","tensor([0., 0.])",,,,,,,,,,,,,,,,,,,,,,,,,,,,,,,,
157,2,"tensor([1751.4606,  629.6866])","tensor([0., 0.])",,,,,,,,,,,,,,,,,,,,,,,,,,,,,,,,
158,0,"tensor([1141.1388,  219.8974])","tensor([1152.2188,  204.4021])",,,,,,,,,,,,,,,,,,,,,,,,,,,,,,,,
158,1,"tensor([0., 0.])","tensor([0., 0.])",,,,,,,,,,,,,,,,,,,,,,,,,,,,,,,,
158,2,"tensor([1749.0938,  630.4846])","tensor([0., 0.])",,,,,,,,,,,,,,,,,,,,,,,,,,,,,,,,
159,0,"tensor([1141.5328,  229.4237])","tensor([1154.1183,  214.1036])",,,,,,,,,,,,,,,,,,,,,,,,,,,,,,,,
159,1,"tensor([0., 0.])","tensor([0., 0.])",,,,,,,,,,,,,,,,,,,,,,,,,,,,,,,,
159,2,"tensor([1747.4103,  631.0126])","tensor([0., 0.])",,,,,,,,,,,,,,,,,,,,,,,,,,,,,,,,
160,0,"tensor([1146.0872,  241.6481])","tensor([1158.2648,  225.4668])",,,,,,,,,,,,,,,,,,,,,,,,,,,,,,,,
160,1,"tensor([0., 0.])","tensor([0., 0.])",,,,,,,,,,,,,,,,,,,,,,,,,,,,,,,,
160,2,"tensor([1747.5148,  629.8599])","tensor([0., 0.])",,,,,,,,,,,,,,,,,,,,,,,,,,,,,,,,
160,3,"tensor([0., 0.])","tensor([0., 0.])",,,,,,,,,,,,,,,,,,,,,,,,,,,,,,,,
161,0,"tensor([1150.6710,  253.0220])","tensor([1162.0748,  236.2475])",,,,,,,,,,,,,,,,,,,,,,,,,,,,,,,,
161,1,"tensor([0., 0.])","tensor([0., 0.])",,,,,,,,,,,,,,,,,,,,,,,,,,,,,,,,
161,2,"tensor([1748.6821,  627.9025])","tensor([0., 0.])",,,,,,,,,,,,,,,,,,,,,,,,,,,,,,,,
161,3,"tensor([0., 0.])","tensor([0., 0.])",,,,,,,,,,,,,,,,,,,,,,,,,,,,,,,,
162,0,"tensor([1150.2070,  267.3168])","tensor([1162.1393,  249.3768])",,,,,,,,,,,,,,,,,,,,,,,,,,,,,,,,
162,1,"tensor([0., 0.])","tensor([0., 0.])",,,,,,,,,,,,,,,,,,,,,,,,,,,,,,,,
162,2,"tensor([1750.6327,  621.7288])","tensor([0., 0.])",,,,,,,,,,,,,,,,,,,,,,,,,,,,,,,,
162,3,"tensor([0., 0.])","tensor([0., 0.])",,,,,,,,,,,,,,,,,,,,,,,,,,,,,,,,
163,0,"tensor([1149.0540,  276.0047])","tensor([1159.2797,  257.3343])",,,,,,,,,,,,,,,,,,,,,,,,,,,,,,,,
163,1,"tensor([0., 0.])","tensor([0., 0.])",,,,,,,,,,,,,,,,,,,,,,,,,,,,,,,,
163,2,"tensor([1749.1268,  621.4841])","tensor([0., 0.])",,,,,,,,,,,,,,,,,,,,,,,,,,,,,,,,
163,3,"tensor([0., 0.])","tensor([0., 0.])",,,,,,,,,,,,,,,,,,,,,,,,,,,,,,,,
164,0,"tensor([1151.1639,  289.8247])","tensor([1161.1820,  271.0052])",,,,,,,,,,,,,,,,,,,,,,,,,,,,,,,,
164,1,"tensor([0., 0.])","tensor([0., 0.])",,,,,,,,,,,,,,,,,,,,,,,,,,,,,,,,
164,2,"tensor([1749.3025,  619.6859])","tensor([0., 0.])",,,,,,,,,,,,,,,,,,,,,,,,,,,,,,,,
164,3,"tensor([0., 0.])","tensor([0., 0.])",,,,,,,,,,,,,,,,,,,,,,,,,,,,,,,,
165,0,"tensor([1154.7657,  301.4225])","tensor([1164.9329,  282.8314])",,,,,,,,,,,,,,,,,,,,,,,,,,,,,,,,
165,1,"tensor([0., 0.])","tensor([0., 0.])",,,,,,,,,,,,,,,,,,,,,,,,,,,,,,,,
165,2,"tensor([1749.7190,  618.0458])","tensor([0., 0.])",,,,,,,,,,,,,,,,,,,,,,,,,,,,,,,,
166,0,"tensor([1154.8833,  319.7870])","tensor([1166.2845,  300.8459])",,,,,,,,,,,,,,,,,,,,,,,,,,,,,,,,
166,1,"tensor([0., 0.])","tensor([0., 0.])",,,,,,,,,,,,,,,,,,,,,,,,,,,,,,,,
166,2,"tensor([1750.7391,  618.0081])","tensor([0., 0.])",,,,,,,,,,,,,,,,,,,,,,,,,,,,,,,,
167,0,"tensor([1155.0743,  332.3572])","tensor([1166.7473,  314.6462])",,,,,,,,,,,,,,,,,,,,,,,,,,,,,,,,
167,1,"tensor([0., 0.])","tensor([0., 0.])",,,,,,,,,,,,,,,,,,,,,,,,,,,,,,,,
167,2,"tensor([1752.1407,  617.0197])","tensor([0., 0.])",,,,,,,,,,,,,,,,,,,,,,,,,,,,,,,,
168,0,"tensor([1157.9337,  345.9837])","tensor([1169.0131,  328.2737])",,,,,,,,,,,,,,,,,,,,,,,,,,,,,,,,
168,1,"tensor([0., 0.])","tensor([0., 0.])",,,,,,,,,,,,,,,,,,,,,,,,,,,,,,,,
168,2,"tensor([1748.1996,  621.4444])","tensor([0., 0.])",,,,,,,,,,,,,,,,,,,,,,,,,,,,,,,,
169,0,"tensor([1157.1157,  355.6499])","tensor([1169.9933,  338.3962])",,,,,,,,,,,,,,,,,,,,,,,,,,,,,,,,
169,1,"tensor([0., 0.])","tensor([0., 0.])",,,,,,,,,,,,,,,,,,,,,,,,,,,,,,,,
169,2,"tensor([1747.9684,  620.0352])","tensor([0., 0.])",,,,,,,,,,,,,,,,,,,,,,,,,,,,,,,,
170,0,"tensor([1157.6276,  370.7147])","tensor([1170.4293,  352.9703])",,,,,,,,,,,,,,,,,,,,,,,,,,,,,,,,
170,1,"tensor([0., 0.])","tensor([0., 0.])",,,,,,,,,,,,,,,,,,,,,,,,,,,,,,,,
170,2,"tensor([1747.8953,  619.0475])","tensor([0., 0.])",,,,,,,,,,,,,,,,,,,,,,,,,,,,,,,,
171,0,"tensor([1157.1420,  379.4771])","tensor([1169.9034,  361.7118])",,,,,,,,,,,,,,,,,,,,,,,,,,,,,,,,
171,1,"tensor([0., 0.])","tensor([0., 0.])",,,,,,,,,,,,,,,,,,,,,,,,,,,,,,,,
171,2,"tensor([1748.5049,  617.4439])","tensor([0., 0.])",,,,,,,,,,,,,,,,,,,,,,,,,,,,,,,,
172,0,"tensor([1159.0715,  391.1396])","tensor([1172.8668,  372.5277])",,,,,,,,,,,,,,,,,,,,,,,,,,,,,,,,
172,1,"tensor([0., 0.])","tensor([0., 0.])",,,,,,,,,,,,,,,,,,,,,,,,,,,,,,,,
172,2,"tensor([1748.8646,  617.2545])","tensor([0., 0.])",,,,,,,,,,,,,,,,,,,,,,,,,,,,,,,,
173,0,"tensor([1161.8877,  398.4339])","tensor([1177.2415,  380.9277])",,,,,,,,,,,,,,,,,,,,,,,,,,,,,,,,
173,1,"tensor([0., 0.])","tensor([0., 0.])",,,,,,,,,,,,,,,,,,,,,,,,,,,,,,,,
173,2,"tensor([1749.1038,  617.3072])","tensor([0., 0.])",,,,,,,,,,,,,,,,,,,,,,,,,,,,,,,,
174,0,"tensor([1161.5991,  409.4493])","tensor([1177.2681,  391.7696])",,,,,,,,,,,,,,,,,,,,,,,,,,,,,,,,
174,1,"tensor([0., 0.])","tensor([0., 0.])",,,,,,,,,,,,,,,,,,,,,,,,,,,,,,,,
174,2,"tensor([1748.1595,  615.8627])","tensor([0., 0.])",,,,,,,,,,,,,,,,,,,,,,,,,,,,,,,,
175,0,"tensor([1159.7040,  419.1542])","tensor([1175.3101,  402.0540])",,,,,,,,,,,,,,,,,,,,,,,,,,,,,,,,
175,1,"tensor([0., 0.])","tensor([0., 0.])",,,,,,,,,,,,,,,,,,,,,,,,,,,,,,,,
175,2,"tensor([1747.8241,  615.7106])","tensor([0., 0.])",,,,,,,,,,,,,,,,,,,,,,,,,,,,,,,,
176,0,"tensor([1159.3920,  423.0995])","tensor([1172.3302,  407.4981])",,,,,,,,,,,,,,,,,,,,,,,,,,,,,,,,
176,1,"tensor([0., 0.])","tensor([0., 0.])",,,,,,,,,,,,,,,,,,,,,,,,,,,,,,,,
176,2,"tensor([1750.3958,  616.7811])","tensor([0., 0.])",,,,,,,,,,,,,,,,,,,,,,,,,,,,,,,,
177,0,"tensor([1159.5206,  425.7689])","tensor([1172.0779,  409.6740])",,,,,,,,,,,,,,,,,,,,,,,,,,,,,,,,
177,1,"tensor([0., 0.])","tensor([0., 0.])",,,,,,,,,,,,,,,,,,,,,,,,,,,,,,,,
177,2,"tensor([1752.4897,  617.1641])","tensor([0., 0.])",,,,,,,,,,,,,,,,,,,,,,,,,,,,,,,,
178,0,"tensor([1160.0345,  421.4442])","tensor([1172.4210,  405.3413])",,,,,,,,,,,,,,,,,,,,,,,,,,,,,,,,
178,1,"tensor([0., 0.])","tensor([0., 0.])",,,,,,,,,,,,,,,,,,,,,,,,,,,,,,,,
178,2,"tensor([1753.7400,  615.8094])","tensor([0., 0.])",,,,,,,,,,,,,,,,,,,,,,,,,,,,,,,,
179,0,"tensor([1156.5798,  419.8123])","tensor([1169.5426,  403.1097])",,,,,,,,,,,,,,,,,,,,,,,,,,,,,,,,
179,1,"tensor([0., 0.])","tensor([0., 0.])",,,,,,,,,,,,,,,,,,,,,,,,,,,,,,,,
179,2,"tensor([1755.8448,  617.0773])","tensor([0., 0.])",,,,,,,,,,,,,,,,,,,,,,,,,,,,,,,,
180,0,"tensor([1154.8108,  420.7748])","tensor([0., 0.])",,,,,,,,,,,,,,,,,,,,,,,,,,,,,,,,
180,1,"tensor([0., 0.])","tensor([0., 0.])",,,,,,,,,,,,,,,,,,,,,,,,,,,,,,,,
180,2,"tensor([1757.1361,  617.1504])","tensor([0., 0.])",,,,,,,,,,,,,,,,,,,,,,,,,,,,,,,,
181,0,"tensor([1152.0730,  421.7741])","tensor([1165.0498,  405.1316])",,,,,,,,,,,,,,,,,,,,,,,,,,,,,,,,
181,1,"tensor([0., 0.])","tensor([0., 0.])",,,,,,,,,,,,,,,,,,,,,,,,,,,,,,,,
181,2,"tensor([1756.3348,  616.4711])","tensor([0., 0.])",,,,,,,,,,,,,,,,,,,,,,,,,,,,,,,,
182,0,"tensor([1152.2205,  424.5597])","tensor([0., 0.])",,,,,,,,,,,,,,,,,,,,,,,,,,,,,,,,
182,1,"tensor([0., 0.])","tensor([0., 0.])",,,,,,,,,,,,,,,,,,,,,,,,,,,,,,,,
182,2,"tensor([1756.4800,  616.4867])","tensor([0., 0.])",,,,,,,,,,,,,,,,,,,,,,,,,,,,,,,,
183,0,"tensor([1148.0985,  422.0706])","tensor([1162.2562,  405.0966])",,,,,,,,,,,,,,,,,,,,,,,,,,,,,,,,
183,1,"tensor([0., 0.])","tensor([0., 0.])",,,,,,,,,,,,,,,,,,,,,,,,,,,,,,,,
183,2,"tensor([1756.7627,  617.8429])","tensor([0., 0.])",,,,,,,,,,,,,,,,,,,,,,,,,,,,,,,,
184,0,"tensor([1148.1119,  417.1345])","tensor([1161.3274,  400.3315])",,,,,,,,,,,,,,,,,,,,,,,,,,,,,,,,
184,1,"tensor([0., 0.])","tensor([1150.3896,  429.1711])",,,,,,,,,,,,,,,,,,,,,,,,,,,,,,,,
184,2,"tensor([1757.4135,  619.1294])","tensor([0., 0.])",,,,,,,,,,,,,,,,,,,,,,,,,,,,,,,,
185,0,"tensor([1145.8717,  405.8253])","tensor([1161.6061,  387.1424])",,,,,,,,,,,,,,,,,,,,,,,,,,,,,,,,
185,1,"tensor([0., 0.])","tensor([1151.6125,  432.8396])",,,,,,,,,,,,,,,,,,,,,,,,,,,,,,,,
185,2,"tensor([1756.8021,  618.8688])","tensor([0., 0.])",,,,,,,,,,,,,,,,,,,,,,,,,,,,,,,,
186,0,"tensor([1147.5842,  395.1407])","tensor([1162.4280,  376.1287])",,,,,,,,,,,,,,,,,,,,,,,,,,,,,,,,
186,1,"tensor([1148.7594,  436.0942])","tensor([1152.7877,  428.8905])",,,,,,,,,,,,,,,,,,,,,,,,,,,,,,,,
186,2,"tensor([1757.0872,  619.7168])","tensor([0., 0.])",,,,,,,,,,,,,,,,,,,,,,,,,,,,,,,,
187,0,"tensor([1147.6884,  388.0647])","tensor([1158.4777,  369.4341])",,,,,,,,,,,,,,,,,,,,,,,,,,,,,,,,
187,1,"tensor([1147.3239,  444.0948])","tensor([1153.5460,  436.3905])",,,,,,,,,,,,,,,,,,,,,,,,,,,,,,,,
187,2,"tensor([1756.3969,  620.3675])","tensor([0., 0.])",,,,,,,,,,,,,,,,,,,,,,,,,,,,,,,,
188,0,"tensor([1148.8109,  372.1213])","tensor([1160.3817,  354.3759])",,,,,,,,,,,,,,,,,,,,,,,,,,,,,,,,
188,1,"tensor([1147.0671,  442.9453])","tensor([1154.5459,  435.5088])",,,,,,,,,,,,,,,,,,,,,,,,,,,,,,,,
188,2,"tensor([1760.4896,  618.4512])","tensor([0., 0.])",,,,,,,,,,,,,,,,,,,,,,,,,,,,,,,,
189,0,"tensor([1150.3087,  355.3040])","tensor([1162.6263,  337.9400])",,,,,,,,,,,,,,,,,,,,,,,,,,,,,,,,
189,1,"tensor([1149.2500,  442.8575])","tensor([1157.2273,  435.4135])",,,,,,,,,,,,,,,,,,,,,,,,,,,,,,,,
189,2,"tensor([1761.5881,  619.2823])","tensor([0., 0.])",,,,,,,,,,,,,,,,,,,,,,,,,,,,,,,,
190,0,"tensor([1148.8033,  325.1384])","tensor([1159.7721,  306.6488])",,,,,,,,,,,,,,,,,,,,,,,,,,,,,,,,
190,1,"tensor([1149.2114,  444.1997])","tensor([1157.9689,  436.6510])",,,,,,,,,,,,,,,,,,,,,,,,,,,,,,,,
190,2,"tensor([1762.0400,  619.3506])","tensor([0., 0.])",,,,,,,,,,,,,,,,,,,,,,,,,,,,,,,,
191,0,"tensor([1149.6002,  298.6831])","tensor([1160.8557,  280.3031])",,,,,,,,,,,,,,,,,,,,,,,,,,,,,,,,
191,1,"tensor([1150.9884,  441.3108])","tensor([1158.5227,  433.3229])",,,,,,,,,,,,,,,,,,,,,,,,,,,,,,,,
191,2,"tensor([1762.2588,  620.2703])","tensor([0., 0.])",,,,,,,,,,,,,,,,,,,,,,,,,,,,,,,,
192,0,"tensor([1147.7151,  260.4308])","tensor([1158.1069,  243.2375])",,,,,,,,,,,,,,,,,,,,,,,,,,,,,,,,
192,1,"tensor([1152.4089,  445.3408])","tensor([1159.9575,  437.7991])",,,,,,,,,,,,,,,,,,,,,,,,,,,,,,,,
192,2,"tensor([1763.1273,  621.8723])","tensor([0., 0.])",,,,,,,,,,,,,,,,,,,,,,,,,,,,,,,,
193,0,"tensor([1139.7000,  231.9419])","tensor([1151.3605,  215.0775])",,,,,,,,,,,,,,,,,,,,,,,,,,,,,,,,
193,1,"tensor([1152.3914,  446.2983])","tensor([1160.3148,  439.6232])",,,,,,,,,,,,,,,,,,,,,,,,,,,,,,,,
193,2,"tensor([1762.4037,  621.7103])","tensor([0., 0.])",,,,,,,,,,,,,,,,,,,,,,,,,,,,,,,,
194,0,"tensor([1132.4491,  197.4148])","tensor([1141.5938,  180.6684])",,,,,,,,,,,,,,,,,,,,,,,,,,,,,,,,
194,1,"tensor([1152.7892,  445.2767])","tensor([1160.9987,  438.6949])",,,,,,,,,,,,,,,,,,,,,,,,,,,,,,,,
194,2,"tensor([1761.4658,  621.9865])","tensor([0., 0.])",,,,,,,,,,,,,,,,,,,,,,,,,,,,,,,,
195,0,"tensor([1120.2225,  170.9433])","tensor([1128.8804,  153.3741])",,,,,,,,,,,,,,,,,,,,,,,,,,,,,,,,
195,1,"tensor([1761.5538,  623.1859])","tensor([0., 0.])",,,,,,,,,,,,,,,,,,,,,,,,,,,,,,,,
196,0,"tensor([1108.7549,  150.1074])","tensor([1116.8557,  133.4858])",,,,,,,,,,,,,,,,,,,,,,,,,,,,,,,,
196,1,"tensor([1760.6295,  623.3952])","tensor([0., 0.])",,,,,,,,,,,,,,,,,,,,,,,,,,,,,,,,
197,0,"tensor([1090.9497,  135.5645])","tensor([1100.0469,  118.7695])",,,,,,,,,,,,,,,,,,,,,,,,,,,,,,,,
197,1,"tensor([1759.0457,  623.0142])","tensor([0., 0.])",,,,,,,,,,,,,,,,,,,,,,,,,,,,,,,,
198,0,"tensor([1083.6632,  124.8473])","tensor([1091.8101,  109.1500])",,,,,,,,,,,,,,,,,,,,,,,,,,,,,,,,
198,1,"tensor([1757.6990,  624.3922])","tensor([0., 0.])",,,,,,,,,,,,,,,,,,,,,,,,,,,,,,,,
199,0,"tensor([1071.9631,  116.7361])","tensor([1080.4365,  101.2120])",,,,,,,,,,,,,,,,,,,,,,,,,,,,,,,,
199,1,"tensor([1757.2742,  625.2391])","tensor([0., 0.])",,,,,,,,,,,,,,,,,,,,,,,,,,,,,,,,
200,0,"tensor([1059.3077,  111.1586])","tensor([1068.7019,   95.6149])",,,,,,,,,,,,,,,,,,,,,,,,,,,,,,,,
200,1,"tensor([1758.4077,  624.4397])","tensor([0., 0.])",,,,,,,,,,,,,,,,,,,,,,,,,,,,,,,,
201,0,"tensor([1052.9396,  111.0788])","tensor([1060.4348,   95.7824])",,,,,,,,,,,,,,,,,,,,,,,,,,,,,,,,
201,1,"tensor([1757.1324,  624.5945])","tensor([0., 0.])",,,,,,,,,,,,,,,,,,,,,,,,,,,,,,,,
202,0,"tensor([1046.9670,  118.3450])","tensor([1052.7327,  101.9783])",,,,,,,,,,,,,,,,,,,,,,,,,,,,,,,,
202,1,"tensor([1756.3799,  626.3196])","tensor([0., 0.])",,,,,,,,,,,,,,,,,,,,,,,,,,,,,,,,
202,2,"tensor([1155.7312,  452.3403])","tensor([1164.7194,  443.8288])",,,,,,,,,,,,,,,,,,,,,,,,,,,,,,,,
203,0,"tensor([1041.8436,  122.1333])","tensor([1046.4557,  105.9401])",,,,,,,,,,,,,,,,,,,,,,,,,,,,,,,,
203,1,"tensor([1753.8080,  628.7185])","tensor([0., 0.])",,,,,,,,,,,,,,,,,,,,,,,,,,,,,,,,
203,2,"tensor([1156.0676,  452.3056])","tensor([1164.5870,  443.7875])",,,,,,,,,,,,,,,,,,,,,,,,,,,,,,,,
204,0,"tensor([1036.4608,  124.9297])","tensor([1040.7646,  109.0182])",,,,,,,,,,,,,,,,,,,,,,,,,,,,,,,,
204,1,"tensor([1751.8389,  634.0144])","tensor([0., 0.])",,,,,,,,,,,,,,,,,,,,,,,,,,,,,,,,
204,2,"tensor([1156.2804,  451.0197])","tensor([1165.2961,  443.1090])",,,,,,,,,,,,,,,,,,,,,,,,,,,,,,,,
205,0,"tensor([1034.4071,  125.4056])","tensor([1038.2994,  109.3629])",,,,,,,,,,,,,,,,,,,,,,,,,,,,,,,,
205,1,"tensor([1752.5201,  634.4099])","tensor([0., 0.])",,,,,,,,,,,,,,,,,,,,,,,,,,,,,,,,
205,2,"tensor([1156.6124,  451.5332])","tensor([1165.8270,  443.5997])",,,,,,,,,,,,,,,,,,,,,,,,,,,,,,,,
206,0,"tensor([1032.1326,  126.1368])","tensor([1036.1248,  110.1504])",,,,,,,,,,,,,,,,,,,,,,,,,,,,,,,,
206,1,"tensor([1745.2483,  639.0955])","tensor([0., 0.])",,,,,,,,,,,,,,,,,,,,,,,,,,,,,,,,
206,2,"tensor([1156.8374,  451.9869])","tensor([1165.8988,  443.9626])",,,,,,,,,,,,,,,,,,,,,,,,,,,,,,,,
207,0,"tensor([1030.9551,  125.3164])","tensor([1035.5594,  109.3907])",,,,,,,,,,,,,,,,,,,,,,,,,,,,,,,,
207,1,"tensor([1744.1155,  639.4567])","tensor([0., 0.])",,,,,,,,,,,,,,,,,,,,,,,,,,,,,,,,
207,2,"tensor([1157.8407,  453.5417])","tensor([1164.7683,  445.3875])",,,,,,,,,,,,,,,,,,,,,,,,,,,,,,,,
208,0,"tensor([1030.2032,  122.3479])","tensor([1034.9652,  106.8988])",,,,,,,,,,,,,,,,,,,,,,,,,,,,,,,,
208,1,"tensor([1742.7745,  641.2535])","tensor([0., 0.])",,,,,,,,,,,,,,,,,,,,,,,,,,,,,,,,
208,2,"tensor([1155.8226,  452.8998])","tensor([1164.0167,  445.2818])",,,,,,,,,,,,,,,,,,,,,,,,,,,,,,,,
209,0,"tensor([1029.1176,  122.1575])","tensor([1034.6243,  106.1945])",,,,,,,,,,,,,,,,,,,,,,,,,,,,,,,,
209,1,"tensor([1743.1040,  640.9120])","tensor([0., 0.])",,,,,,,,,,,,,,,,,,,,,,,,,,,,,,,,
209,2,"tensor([1155.4934,  452.5126])","tensor([1163.4485,  445.0293])",,,,,,,,,,,,,,,,,,,,,,,,,,,,,,,,
210,0,"tensor([1032.8423,  122.9421])","tensor([1037.5531,  107.3859])",,,,,,,,,,,,,,,,,,,,,,,,,,,,,,,,
210,1,"tensor([0., 0.])","tensor([0., 0.])",,,,,,,,,,,,,,,,,,,,,,,,,,,,,,,,
210,2,"tensor([1155.8136,  452.6612])","tensor([1163.7214,  445.0589])",,,,,,,,,,,,,,,,,,,,,,,,,,,,,,,,
211,0,"tensor([1036.2444,  122.0639])","tensor([1041.6515,  106.3526])",,,,,,,,,,,,,,,,,,,,,,,,,,,,,,,,
211,1,"tensor([0., 0.])","tensor([0., 0.])",,,,,,,,,,,,,,,,,,,,,,,,,,,,,,,,
211,2,"tensor([1158.5123,  451.9938])","tensor([1165.0063,  444.5076])",,,,,,,,,,,,,,,,,,,,,,,,,,,,,,,,
212,0,"tensor([1038.7679,  120.5603])","tensor([1044.6021,  104.6961])",,,,,,,,,,,,,,,,,,,,,,,,,,,,,,,,
212,1,"tensor([0., 0.])","tensor([0., 0.])",,,,,,,,,,,,,,,,,,,,,,,,,,,,,,,,
212,2,"tensor([1156.1437,  451.2990])","tensor([1163.9102,  443.5757])",,,,,,,,,,,,,,,,,,,,,,,,,,,,,,,,
213,0,"tensor([1042.9911,  120.5755])","tensor([1049.0348,  104.6270])",,,,,,,,,,,,,,,,,,,,,,,,,,,,,,,,
213,1,"tensor([0., 0.])","tensor([0., 0.])",,,,,,,,,,,,,,,,,,,,,,,,,,,,,,,,
213,2,"tensor([1156.4496,  451.4286])","tensor([1163.7502,  443.7948])",,,,,,,,,,,,,,,,,,,,,,,,,,,,,,,,
214,0,"tensor([1044.8049,  118.6773])","tensor([1052.4088,  102.1653])",,,,,,,,,,,,,,,,,,,,,,,,,,,,,,,,
214,1,"tensor([0., 0.])","tensor([0., 0.])",,,,,,,,,,,,,,,,,,,,,,,,,,,,,,,,
214,2,"tensor([1155.6979,  451.9962])","tensor([1163.3806,  444.1230])",,,,,,,,,,,,,,,,,,,,,,,,,,,,,,,,
215,0,"tensor([1050.6761,  120.8816])","tensor([1057.6167,  103.9850])",,,,,,,,,,,,,,,,,,,,,,,,,,,,,,,,
215,1,"tensor([0., 0.])","tensor([0., 0.])",,,,,,,,,,,,,,,,,,,,,,,,,,,,,,,,
215,2,"tensor([1153.6287,  452.7623])","tensor([1161.4105,  444.5174])",,,,,,,,,,,,,,,,,,,,,,,,,,,,,,,,
216,0,"tensor([1057.8843,  125.3469])","tensor([1066.5593,  108.7665])",,,,,,,,,,,,,,,,,,,,,,,,,,,,,,,,
216,1,"tensor([0., 0.])","tensor([0., 0.])",,,,,,,,,,,,,,,,,,,,,,,,,,,,,,,,
217,0,"tensor([1067.0499,  130.6170])","tensor([1076.5089,  114.3293])",,,,,,,,,,,,,,,,,,,,,,,,,,,,,,,,
217,1,"tensor([0., 0.])","tensor([0., 0.])",,,,,,,,,,,,,,,,,,,,,,,,,,,,,,,,
218,0,"tensor([1073.5122,  135.4927])","tensor([1081.5507,  119.8515])",,,,,,,,,,,,,,,,,,,,,,,,,,,,,,,,
218,1,"tensor([0., 0.])","tensor([0., 0.])",,,,,,,,,,,,,,,,,,,,,,,,,,,,,,,,
219,0,"tensor([1084.7762,  146.2273])","tensor([1092.1348,  130.0917])",,,,,,,,,,,,,,,,,,,,,,,,,,,,,,,,
219,1,"tensor([0., 0.])","tensor([0., 0.])",,,,,,,,,,,,,,,,,,,,,,,,,,,,,,,,
220,0,"tensor([1094.8986,  157.5419])","tensor([1102.7540,  140.8227])",,,,,,,,,,,,,,,,,,,,,,,,,,,,,,,,
220,1,"tensor([0., 0.])","tensor([0., 0.])",,,,,,,,,,,,,,,,,,,,,,,,,,,,,,,,
221,0,"tensor([1103.8698,  168.6557])","tensor([1113.3401,  151.7416])",,,,,,,,,,,,,,,,,,,,,,,,,,,,,,,,
221,1,"tensor([0., 0.])","tensor([0., 0.])",,,,,,,,,,,,,,,,,,,,,,,,,,,,,,,,
222,0,"tensor([1114.7218,  180.0068])","tensor([1124.9901,  162.6418])",,,,,,,,,,,,,,,,,,,,,,,,,,,,,,,,
222,1,"tensor([0., 0.])","tensor([0., 0.])",,,,,,,,,,,,,,,,,,,,,,,,,,,,,,,,
223,0,"tensor([1124.4177,  197.2618])","tensor([1133.2877,  180.1586])",,,,,,,,,,,,,,,,,,,,,,,,,,,,,,,,
223,1,"tensor([0., 0.])","tensor([0., 0.])",,,,,,,,,,,,,,,,,,,,,,,,,,,,,,,,
224,0,"tensor([1131.2612,  215.5301])","tensor([1144.6438,  198.7875])",,,,,,,,,,,,,,,,,,,,,,,,,,,,,,,,
224,1,"tensor([0., 0.])","tensor([0., 0.])",,,,,,,,,,,,,,,,,,,,,,,,,,,,,,,,
224,2,"tensor([1150.7924,  444.8851])","tensor([1158.9503,  438.2070])",,,,,,,,,,,,,,,,,,,,,,,,,,,,,,,,
225,0,"tensor([1134.2809,  228.4085])","tensor([1145.5894,  211.5969])",,,,,,,,,,,,,,,,,,,,,,,,,,,,,,,,
225,1,"tensor([0., 0.])","tensor([0., 0.])",,,,,,,,,,,,,,,,,,,,,,,,,,,,,,,,
225,2,"tensor([1152.1874,  441.6558])","tensor([1159.9435,  434.4646])",,,,,,,,,,,,,,,,,,,,,,,,,,,,,,,,
226,0,"tensor([1138.5388,  242.1787])","tensor([1148.7653,  225.7238])",,,,,,,,,,,,,,,,,,,,,,,,,,,,,,,,
226,1,"tensor([0., 0.])","tensor([0., 0.])",,,,,,,,,,,,,,,,,,,,,,,,,,,,,,,,
226,2,"tensor([1151.8510,  440.6498])","tensor([1159.5183,  433.3761])",,,,,,,,,,,,,,,,,,,,,,,,,,,,,,,,
227,0,"tensor([1141.4500,  256.2231])","tensor([1152.0223,  238.8653])",,,,,,,,,,,,,,,,,,,,,,,,,,,,,,,,
227,1,"tensor([0., 0.])","tensor([0., 0.])",,,,,,,,,,,,,,,,,,,,,,,,,,,,,,,,
227,2,"tensor([1150.6307,  439.9395])","tensor([1158.1069,  432.2915])",,,,,,,,,,,,,,,,,,,,,,,,,,,,,,,,
228,0,"tensor([1143.6447,  272.6465])","tensor([1154.2961,  254.4776])",,,,,,,,,,,,,,,,,,,,,,,,,,,,,,,,
228,1,"tensor([0., 0.])","tensor([0., 0.])",,,,,,,,,,,,,,,,,,,,,,,,,,,,,,,,
228,2,"tensor([1151.4771,  439.5081])","tensor([1158.8708,  432.1413])",,,,,,,,,,,,,,,,,,,,,,,,,,,,,,,,
229,0,"tensor([1145.2029,  290.6704])","tensor([1157.0024,  272.6897])",,,,,,,,,,,,,,,,,,,,,,,,,,,,,,,,
229,1,"tensor([0., 0.])","tensor([0., 0.])",,,,,,,,,,,,,,,,,,,,,,,,,,,,,,,,
229,2,"tensor([1151.4133,  439.2723])","tensor([1159.3152,  431.9538])",,,,,,,,,,,,,,,,,,,,,,,,,,,,,,,,
230,0,"tensor([1140.7805,  299.2528])","tensor([1152.3937,  280.4940])",,,,,,,,,,,,,,,,,,,,,,,,,,,,,,,,
230,1,"tensor([0., 0.])","tensor([0., 0.])",,,,,,,,,,,,,,,,,,,,,,,,,,,,,,,,
230,2,"tensor([1150.2770,  438.3536])","tensor([1157.5210,  431.3259])",,,,,,,,,,,,,,,,,,,,,,,,,,,,,,,,
231,0,"tensor([1145.1204,  319.9981])","tensor([1155.5948,  301.4897])",,,,,,,,,,,,,,,,,,,,,,,,,,,,,,,,
231,1,"tensor([0., 0.])","tensor([0., 0.])",,,,,,,,,,,,,,,,,,,,,,,,,,,,,,,,
231,2,"tensor([1149.6168,  435.7695])","tensor([1157.4833,  428.5121])",,,,,,,,,,,,,,,,,,,,,,,,,,,,,,,,
232,0,"tensor([1143.8599,  333.1070])","tensor([1155.9882,  314.9492])",,,,,,,,,,,,,,,,,,,,,,,,,,,,,,,,
232,1,"tensor([0., 0.])","tensor([0., 0.])",,,,,,,,,,,,,,,,,,,,,,,,,,,,,,,,
232,2,"tensor([1150.2985,  436.6870])","tensor([1157.0887,  429.3229])",,,,,,,,,,,,,,,,,,,,,,,,,,,,,,,,
233,0,"tensor([1150.4843,  352.5296])","tensor([1164.1956,  336.2527])",,,,,,,,,,,,,,,,,,,,,,,,,,,,,,,,
233,1,"tensor([0., 0.])","tensor([0., 0.])",,,,,,,,,,,,,,,,,,,,,,,,,,,,,,,,
233,2,"tensor([1149.1278,  435.1744])","tensor([1156.3156,  427.7973])",,,,,,,,,,,,,,,,,,,,,,,,,,,,,,,,
234,0,"tensor([1151.6276,  368.0965])","tensor([1165.8450,  352.4267])",,,,,,,,,,,,,,,,,,,,,,,,,,,,,,,,
234,1,"tensor([0., 0.])","tensor([0., 0.])",,,,,,,,,,,,,,,,,,,,,,,,,,,,,,,,
234,2,"tensor([1149.8961,  434.1352])","tensor([1156.5754,  426.7224])",,,,,,,,,,,,,,,,,,,,,,,,,,,,,,,,
235,0,"tensor([1154.4203,  377.2972])","tensor([1167.7441,  360.2053])",,,,,,,,,,,,,,,,,,,,,,,,,,,,,,,,
235,1,"tensor([0., 0.])","tensor([0., 0.])",,,,,,,,,,,,,,,,,,,,,,,,,,,,,,,,
235,2,"tensor([1148.7377,  433.7763])","tensor([1155.3215,  426.1154])",,,,,,,,,,,,,,,,,,,,,,,,,,,,,,,,
236,0,"tensor([1162.8597,  393.3961])","tensor([1175.4937,  377.5831])",,,,,,,,,,,,,,,,,,,,,,,,,,,,,,,,
236,1,"tensor([0., 0.])","tensor([0., 0.])",,,,,,,,,,,,,,,,,,,,,,,,,,,,,,,,
236,2,"tensor([1155.2253,  423.2073])","tensor([1160.2812,  415.6263])",,,,,,,,,,,,,,,,,,,,,,,,,,,,,,,,
237,0,"tensor([1170.0437,  419.5186])","tensor([0., 0.])",,,,,,,,,,,,,,,,,,,,,,,,,,,,,,,,
237,1,"tensor([0., 0.])","tensor([0., 0.])",,,,,,,,,,,,,,,,,,,,,,,,,,,,,,,,
237,2,"tensor([1159.2180,  430.9307])","tensor([1164.0521,  423.3606])",,,,,,,,,,,,,,,,,,,,,,,,,,,,,,,,
238,0,"tensor([1172.0663,  428.4185])","tensor([0., 0.])",,,,,,,,,,,,,,,,,,,,,,,,,,,,,,,,
238,1,"tensor([0., 0.])","tensor([0., 0.])",,,,,,,,,,,,,,,,,,,,,,,,,,,,,,,,
238,2,"tensor([0., 0.])","tensor([0., 0.])",,,,,,,,,,,,,,,,,,,,,,,,,,,,,,,,
239,0,"tensor([1177.9618,  445.0199])","tensor([0., 0.])",,,,,,,,,,,,,,,,,,,,,,,,,,,,,,,,
239,1,"tensor([0., 0.])","tensor([0., 0.])",,,,,,,,,,,,,,,,,,,,,,,,,,,,,,,,
239,2,"tensor([1173.7313,  432.2043])","tensor([1177.3260,  423.6058])",,,,,,,,,,,,,,,,,,,,,,,,,,,,,,,,
239,3,"tensor([0., 0.])","tensor([0., 0.])",,,,,,,,,,,,,,,,,,,,,,,,,,,,,,,,
240,0,"tensor([1181.8417,  449.3466])","tensor([0., 0.])",,,,,,,,,,,,,,,,,,,,,,,,,,,,,,,,
240,1,"tensor([0., 0.])","tensor([0., 0.])",,,,,,,,,,,,,,,,,,,,,,,,,,,,,,,,
240,2,"tensor([1175.0380,  436.2259])","tensor([1177.7086,  427.9698])",,,,,,,,,,,,,,,,,,,,,,,,,,,,,,,,
240,3,"tensor([0., 0.])","tensor([0., 0.])",,,,,,,,,,,,,,,,,,,,,,,,,,,,,,,,
241,0,"tensor([1181.9581,  449.8410])","tensor([0., 0.])",,,,,,,,,,,,,,,,,,,,,,,,,,,,,,,,
241,1,"tensor([0., 0.])","tensor([0., 0.])",,,,,,,,,,,,,,,,,,,,,,,,,,,,,,,,
241,2,"tensor([1179.0469,  436.3653])","tensor([1181.0651,  427.3842])",,,,,,,,,,,,,,,,,,,,,,,,,,,,,,,,
241,3,"tensor([0., 0.])","tensor([0., 0.])",,,,,,,,,,,,,,,,,,,,,,,,,,,,,,,,
242,0,"tensor([1182.5669,  450.1448])","tensor([0., 0.])",,,,,,,,,,,,,,,,,,,,,,,,,,,,,,,,
242,1,"tensor([0., 0.])","tensor([0., 0.])",,,,,,,,,,,,,,,,,,,,,,,,,,,,,,,,
242,2,"tensor([1178.6620,  435.2428])","tensor([1181.0032,  426.2616])",,,,,,,,,,,,,,,,,,,,,,,,,,,,,,,,
242,3,"tensor([0., 0.])","tensor([0., 0.])",,,,,,,,,,,,,,,,,,,,,,,,,,,,,,,,
243,0,"tensor([1180.2932,  450.7187])","tensor([1196.3823,  431.5166])",,,,,,,,,,,,,,,,,,,,,,,,,,,,,,,,
243,1,"tensor([0., 0.])","tensor([0., 0.])",,,,,,,,,,,,,,,,,,,,,,,,,,,,,,,,
243,2,"tensor([0., 0.])","tensor([0., 0.])",,,,,,,,,,,,,,,,,,,,,,,,,,,,,,,,
243,3,"tensor([0., 0.])","tensor([0., 0.])",,,,,,,,,,,,,,,,,,,,,,,,,,,,,,,,
244,0,"tensor([1177.0953,  461.7598])","tensor([1194.0590,  443.8474])",,,,,,,,,,,,,,,,,,,,,,,,,,,,,,,,
244,1,"tensor([1738.2953,  636.3973])","tensor([0., 0.])",,,,,,,,,,,,,,,,,,,,,,,,,,,,,,,,
244,2,"tensor([0., 0.])","tensor([0., 0.])",,,,,,,,,,,,,,,,,,,,,,,,,,,,,,,,
244,3,"tensor([0., 0.])","tensor([0., 0.])",,,,,,,,,,,,,,,,,,,,,,,,,,,,,,,,
245,0,"tensor([1175.6261,  474.8801])","tensor([1193.4512,  457.2325])",,,,,,,,,,,,,,,,,,,,,,,,,,,,,,,,
245,1,"tensor([0., 0.])","tensor([0., 0.])",,,,,,,,,,,,,,,,,,,,,,,,,,,,,,,,
245,2,"tensor([0., 0.])","tensor([0., 0.])",,,,,,,,,,,,,,,,,,,,,,,,,,,,,,,,
245,3,"tensor([0., 0.])","tensor([0., 0.])",,,,,,,,,,,,,,,,,,,,,,,,,,,,,,,,
246,0,"tensor([1171.5674,  484.7591])","tensor([1188.6780,  469.8375])",,,,,,,,,,,,,,,,,,,,,,,,,,,,,,,,
246,1,"tensor([1744.0347,  639.2499])","tensor([0., 0.])",,,,,,,,,,,,,,,,,,,,,,,,,,,,,,,,
246,2,"tensor([0., 0.])","tensor([0., 0.])",,,,,,,,,,,,,,,,,,,,,,,,,,,,,,,,
246,3,"tensor([0., 0.])","tensor([0., 0.])",,,,,,,,,,,,,,,,,,,,,,,,,,,,,,,,
247,0,"tensor([1176.5645,  486.9132])","tensor([0., 0.])",,,,,,,,,,,,,,,,,,,,,,,,,,,,,,,,
247,1,"tensor([1742.7141,  637.0021])","tensor([0., 0.])",,,,,,,,,,,,,,,,,,,,,,,,,,,,,,,,
247,2,"tensor([0., 0.])","tensor([0., 0.])",,,,,,,,,,,,,,,,,,,,,,,,,,,,,,,,
247,3,"tensor([0., 0.])","tensor([0., 0.])",,,,,,,,,,,,,,,,,,,,,,,,,,,,,,,,
248,0,"tensor([1197.5797,  481.9574])","tensor([0., 0.])",,,,,,,,,,,,,,,,,,,,,,,,,,,,,,,,
248,1,"tensor([0., 0.])","tensor([0., 0.])",,,,,,,,,,,,,,,,,,,,,,,,,,,,,,,,
248,2,"tensor([0., 0.])","tensor([0., 0.])",,,,,,,,,,,,,,,,,,,,,,,,,,,,,,,,
248,3,"tensor([0., 0.])","tensor([0., 0.])",,,,,,,,,,,,,,,,,,,,,,,,,,,,,,,,
249,0,"tensor([1177.3685,  501.0774])","tensor([0., 0.])",,,,,,,,,,,,,,,,,,,,,,,,,,,,,,,,
249,1,"tensor([0., 0.])","tensor([0., 0.])",,,,,,,,,,,,,,,,,,,,,,,,,,,,,,,,
249,2,"tensor([0., 0.])","tensor([0., 0.])",,,,,,,,,,,,,,,,,,,,,,,,,,,,,,,,
250,0,"tensor([1163.4606,  503.7395])","tensor([1180.9594,  491.9830])",,,,,,,,,,,,,,,,,,,,,,,,,,,,,,,,
250,1,"tensor([0., 0.])","tensor([0., 0.])",,,,,,,,,,,,,,,,,,,,,,,,,,,,,,,,
250,2,"tensor([0., 0.])","tensor([0., 0.])",,,,,,,,,,,,,,,,,,,,,,,,,,,,,,,,
251,0,"tensor([1161.1630,  506.2161])","tensor([1179.4780,  494.7192])",,,,,,,,,,,,,,,,,,,,,,,,,,,,,,,,
251,1,"tensor([0., 0.])","tensor([0., 0.])",,,,,,,,,,,,,,,,,,,,,,,,,,,,,,,,
251,2,"tensor([0., 0.])","tensor([0., 0.])",,,,,,,,,,,,,,,,,,,,,,,,,,,,,,,,
252,0,"tensor([1165.0914,  503.6364])","tensor([1181.1403,  492.8383])",,,,,,,,,,,,,,,,,,,,,,,,,,,,,,,,
252,1,"tensor([0., 0.])","tensor([0., 0.])",,,,,,,,,,,,,,,,,,,,,,,,,,,,,,,,
252,2,"tensor([0., 0.])","tensor([0., 0.])",,,,,,,,,,,,,,,,,,,,,,,,,,,,,,,,
253,0,"tensor([1161.6866,  489.1736])","tensor([1175.2747,  478.8185])",,,,,,,,,,,,,,,,,,,,,,,,,,,,,,,,
253,1,"tensor([1766.5552,  639.6943])","tensor([0., 0.])",,,,,,,,,,,,,,,,,,,,,,,,,,,,,,,,
253,2,"tensor([0., 0.])","tensor([0., 0.])",,,,,,,,,,,,,,,,,,,,,,,,,,,,,,,,
254,0,"tensor([1171.3488,  484.0855])","tensor([0., 0.])",,,,,,,,,,,,,,,,,,,,,,,,,,,,,,,,
254,1,"tensor([1772.2260,  641.3029])","tensor([0., 0.])",,,,,,,,,,,,,,,,,,,,,,,,,,,,,,,,
255,0,"tensor([1165.4513,  460.7717])","tensor([1177.0658,  449.3313])",,,,,,,,,,,,,,,,,,,,,,,,,,,,,,,,
255,1,"tensor([1771.2872,  645.0557])","tensor([0., 0.])",,,,,,,,,,,,,,,,,,,,,,,,,,,,,,,,
256,0,"tensor([1178.7766,  452.9706])","tensor([0., 0.])",,,,,,,,,,,,,,,,,,,,,,,,,,,,,,,,
257,0,"tensor([1168.8254,  438.8856])","tensor([1173.9636,  430.0886])",,,,,,,,,,,,,,,,,,,,,,,,,,,,,,,,
257,1,"tensor([0., 0.])","tensor([0., 0.])",,,,,,,,,,,,,,,,,,,,,,,,,,,,,,,,
258,0,"tensor([1164.7710,  432.4033])","tensor([1176.1027,  422.1733])",,,,,,,,,,,,,,,,,,,,,,,,,,,,,,,,
258,1,"tensor([0., 0.])","tensor([0., 0.])",,,,,,,,,,,,,,,,,,,,,,,,,,,,,,,,
258,2,"tensor([0., 0.])","tensor([0., 0.])",,,,,,,,,,,,,,,,,,,,,,,,,,,,,,,,
259,0,"tensor([1172.4919,  408.6864])","tensor([1181.9967,  397.8538])",,,,,,,,,,,,,,,,,,,,,,,,,,,,,,,,
259,1,"tensor([0., 0.])","tensor([0., 0.])",,,,,,,,,,,,,,,,,,,,,,,,,,,,,,,,
259,2,"tensor([1769.3353,  640.5092])","tensor([0., 0.])",,,,,,,,,,,,,,,,,,,,,,,,,,,,,,,,
260,0,"tensor([1171.7329,  387.5255])","tensor([1181.6832,  377.1743])",,,,,,,,,,,,,,,,,,,,,,,,,,,,,,,,
260,1,"tensor([0., 0.])","tensor([0., 0.])",,,,,,,,,,,,,,,,,,,,,,,,,,,,,,,,
260,2,"tensor([0., 0.])","tensor([0., 0.])",,,,,,,,,,,,,,,,,,,,,,,,,,,,,,,,
261,0,"tensor([1175.1046,  371.6229])","tensor([1184.0406,  359.8931])",,,,,,,,,,,,,,,,,,,,,,,,,,,,,,,,
261,1,"tensor([0., 0.])","tensor([0., 0.])",,,,,,,,,,,,,,,,,,,,,,,,,,,,,,,,
261,2,"tensor([0., 0.])","tensor([0., 0.])",,,,,,,,,,,,,,,,,,,,,,,,,,,,,,,,
262,0,"tensor([1182.1395,  344.0540])","tensor([1189.4078,  333.0151])",,,,,,,,,,,,,,,,,,,,,,,,,,,,,,,,
262,1,"tensor([0., 0.])","tensor([0., 0.])",,,,,,,,,,,,,,,,,,,,,,,,,,,,,,,,
262,2,"tensor([0., 0.])","tensor([0., 0.])",,,,,,,,,,,,,,,,,,,,,,,,,,,,,,,,
263,0,"tensor([1175.9249,  331.1298])","tensor([1186.7620,  320.1169])",,,,,,,,,,,,,,,,,,,,,,,,,,,,,,,,
263,1,"tensor([0., 0.])","tensor([0., 0.])",,,,,,,,,,,,,,,,,,,,,,,,,,,,,,,,
263,2,"tensor([0., 0.])","tensor([0., 0.])",,,,,,,,,,,,,,,,,,,,,,,,,,,,,,,,
264,0,"tensor([1173.0355,  310.8316])","tensor([1182.8534,  300.4164])",,,,,,,,,,,,,,,,,,,,,,,,,,,,,,,,
264,1,"tensor([0., 0.])","tensor([1150.8446,  441.6127])",,,,,,,,,,,,,,,,,,,,,,,,,,,,,,,,
264,2,"tensor([0., 0.])","tensor([0., 0.])",,,,,,,,,,,,,,,,,,,,,,,,,,,,,,,,
265,0,"tensor([1168.1744,  287.5705])","tensor([1175.5847,  276.1319])",,,,,,,,,,,,,,,,,,,,,,,,,,,,,,,,
265,1,"tensor([0., 0.])","tensor([1151.6675,  441.1995])",,,,,,,,,,,,,,,,,,,,,,,,,,,,,,,,
266,0,"tensor([1159.1433,  264.7216])","tensor([1167.8247,  252.4799])",,,,,,,,,,,,,,,,,,,,,,,,,,,,,,,,
266,1,"tensor([0., 0.])","tensor([1151.2896,  440.8168])",,,,,,,,,,,,,,,,,,,,,,,,,,,,,,,,
267,0,"tensor([1157.6074,  251.2060])","tensor([1165.9142,  239.7172])",,,,,,,,,,,,,,,,,,,,,,,,,,,,,,,,
267,1,"tensor([0., 0.])","tensor([1150.7753,  442.6582])",,,,,,,,,,,,,,,,,,,,,,,,,,,,,,,,
268,0,"tensor([1142.9061,  232.9578])","tensor([0., 0.])",,,,,,,,,,,,,,,,,,,,,,,,,,,,,,,,
268,1,"tensor([0., 0.])","tensor([1151.9487,  442.3792])",,,,,,,,,,,,,,,,,,,,,,,,,,,,,,,,
269,0,"tensor([1126.6935,  221.5443])","tensor([1139.5034,  208.3101])",,,,,,,,,,,,,,,,,,,,,,,,,,,,,,,,
269,1,"tensor([1152.7344,  451.6049])","tensor([1157.9220,  444.6670])",,,,,,,,,,,,,,,,,,,,,,,,,,,,,,,,
270,0,"tensor([1128.1543,  197.9688])","tensor([0., 0.])",,,,,,,,,,,,,,,,,,,,,,,,,,,,,,,,
270,1,"tensor([1161.0551,  450.3552])","tensor([1167.5996,  443.5035])",,,,,,,,,,,,,,,,,,,,,,,,,,,,,,,,
271,0,"tensor([1117.4719,  183.5028])","tensor([0., 0.])",,,,,,,,,,,,,,,,,,,,,,,,,,,,,,,,
271,1,"tensor([1162.8406,  449.9493])","tensor([1169.9272,  442.9629])",,,,,,,,,,,,,,,,,,,,,,,,,,,,,,,,
272,0,"tensor([0., 0.])","tensor([0., 0.])",,,,,,,,,,,,,,,,,,,,,,,,,,,,,,,,
